<?xml version="1.0" encoding="UTF-8"?>
<metadata xml:lang="zh"><Esri><CreaDate>20250311</CreaDate><CreaTime>16504400</CreaTime><ArcGISFormat>1.0</ArcGISFormat><SyncOnce>FALSE</SyncOnce><DataProperties><itemProps><itemLocation><linkage Sync="TRUE">file://\\WIN-LJB7ICTNVHV\G$\City_A&amp;XY_sim_merge\level2\nanjing\nanjing.shp</linkage><protocol Sync="TRUE">Local Area Network</protocol></itemLocation><itemName Sync="TRUE">nanjing</itemName><imsContentType Sync="TRUE">002</imsContentType><itemSize Sync="TRUE">0.000</itemSize></itemProps><copyHistory><copy source="F:\TiffData\merge_nanjing2\nanjing2" dest="\\DESKTOP-R1H65A1\F$\TiffData\merge_nanjing\nanjing2" date="20210705" time="20393700"></copy></copyHistory><coordRef><type Sync="TRUE">Projected</type><geogcsn Sync="TRUE">GCS_WGS_1984</geogcsn><csUnits Sync="TRUE">Linear Unit: Meter (1.000000)</csUnits><projcsn Sync="TRUE">WGS_1984_Web_Mercator_Auxiliary_Sphere</projcsn><peXml Sync="TRUE">&lt;ProjectedCoordinateSystem xsi:type='typens:ProjectedCoordinateSystem' xmlns:xsi='http://www.w3.org/2001/XMLSchema-instance' xmlns:xs='http://www.w3.org/2001/XMLSchema' xmlns:typens='http://www.esri.com/schemas/ArcGIS/2.4.0'&gt;&lt;WKT&gt;PROJCS[&amp;quot;WGS_1984_Web_Mercator_Auxiliary_Sphere&amp;quot;,GEOGCS[&amp;quot;GCS_WGS_1984&amp;quot;,DATUM[&amp;quot;D_WGS_1984&amp;quot;,SPHEROID[&amp;quot;WGS_1984&amp;quot;,6378137.0,298.257223563]],PRIMEM[&amp;quot;Greenwich&amp;quot;,0.0],UNIT[&amp;quot;Degree&amp;quot;,0.0174532925199433]],PROJECTION[&amp;quot;Mercator_Auxiliary_Sphere&amp;quot;],PARAMETER[&amp;quot;False_Easting&amp;quot;,0.0],PARAMETER[&amp;quot;False_Northing&amp;quot;,0.0],PARAMETER[&amp;quot;Central_Meridian&amp;quot;,0.0],PARAMETER[&amp;quot;Standard_Parallel_1&amp;quot;,0.0],PARAMETER[&amp;quot;Auxiliary_Sphere_Type&amp;quot;,0.0],UNIT[&amp;quot;Meter&amp;quot;,1.0],AUTHORITY[&amp;quot;EPSG&amp;quot;,3857]]&lt;/WKT&gt;&lt;XOrigin&gt;-20037700&lt;/XOrigin&gt;&lt;YOrigin&gt;-30241100&lt;/YOrigin&gt;&lt;XYScale&gt;148923141.92838538&lt;/XYScale&gt;&lt;ZOrigin&gt;-100000&lt;/ZOrigin&gt;&lt;ZScale&gt;10000&lt;/ZScale&gt;&lt;MOrigin&gt;-100000&lt;/MOrigin&gt;&lt;MScale&gt;10000&lt;/MScale&gt;&lt;XYTolerance&gt;0.001&lt;/XYTolerance&gt;&lt;ZTolerance&gt;0.001&lt;/ZTolerance&gt;&lt;MTolerance&gt;0.001&lt;/MTolerance&gt;&lt;HighPrecision&gt;true&lt;/HighPrecision&gt;&lt;WKID&gt;102100&lt;/WKID&gt;&lt;LatestWKID&gt;3857&lt;/LatestWKID&gt;&lt;/ProjectedCoordinateSystem&gt;</peXml></coordRef><lineage><Process ToolSource="d:\前置软件\arcgis pro\Resources\ArcToolbox\toolboxes\Data Management Tools.tbx\Merge" Date="20210714" Time="151739">Merge nanjing2;nanjing1 F:\identity_done\nanjing\nanjing.shp "Id "Id" true true false 18 Double 0 18,First,#,nanjing2,Id,-1,-1,nanjing1,Id,-1,-1;gridcode "gridcode" true true false 18 Double 0 18,First,#,nanjing2,gridcode,-1,-1,nanjing1,gridcode,-1,-1" NO_SOURCE_INFO</Process><Process ToolSource="c:\program files (x86)\arcgis\desktop10.6\ArcToolbox\Toolboxes\Analysis Tools.tbx\Select" Date="20210803" Time="164440">Select G:\City_A&amp;XY\level2\nanjing\nanjing.shp G:\City_A&amp;XY_split\level2\nanjing\nanjing_0_.shp "0&lt;=FID AND FID&lt;10000"</Process><Process ToolSource="g:\applications\arcgis\pro\Resources\ArcToolbox\toolboxes\Cartography Tools.tbx\SimplifyPolygon" Date="20210806" Time="151333">SimplifyPolygon G:\City_A&amp;XY_split\level2\nanjing\nanjing_0_.shp G:\City_A&amp;XY_sim\level2\nanjing\nanjing_0_.shp "Retain critical points (Douglas-Peucker)" "2 Meters" "0 SquareMeters" RESOLVE_ERRORS NO_KEEP #</Process><Process ToolSource="g:\applications\arcgis\pro\Resources\ArcToolbox\toolboxes\Data Management Tools.tbx\Merge" Date="20210807" Time="091540">Merge G:\City_A&amp;XY_sim\level2\nanjing\nanjing_0_.shp;G:\City_A&amp;XY_sim\level2\nanjing\nanjing_10_.shp;G:\City_A&amp;XY_sim\level2\nanjing\nanjing_11_.shp;G:\City_A&amp;XY_sim\level2\nanjing\nanjing_12_.shp;G:\City_A&amp;XY_sim\level2\nanjing\nanjing_13_.shp;G:\City_A&amp;XY_sim\level2\nanjing\nanjing_14_.shp;G:\City_A&amp;XY_sim\level2\nanjing\nanjing_15_.shp;G:\City_A&amp;XY_sim\level2\nanjing\nanjing_16_.shp;G:\City_A&amp;XY_sim\level2\nanjing\nanjing_17_.shp;G:\City_A&amp;XY_sim\level2\nanjing\nanjing_18_.shp;G:\City_A&amp;XY_sim\level2\nanjing\nanjing_19_.shp;G:\City_A&amp;XY_sim\level2\nanjing\nanjing_1_.shp;G:\City_A&amp;XY_sim\level2\nanjing\nanjing_20_.shp;G:\City_A&amp;XY_sim\level2\nanjing\nanjing_21_.shp;G:\City_A&amp;XY_sim\level2\nanjing\nanjing_22_.shp;G:\City_A&amp;XY_sim\level2\nanjing\nanjing_23_.shp;G:\City_A&amp;XY_sim\level2\nanjing\nanjing_24_.shp;G:\City_A&amp;XY_sim\level2\nanjing\nanjing_25_.shp;G:\City_A&amp;XY_sim\level2\nanjing\nanjing_26_.shp;G:\City_A&amp;XY_sim\level2\nanjing\nanjing_27_.shp;G:\City_A&amp;XY_sim\level2\nanjing\nanjing_28_.shp;G:\City_A&amp;XY_sim\level2\nanjing\nanjing_29_.shp;G:\City_A&amp;XY_sim\level2\nanjing\nanjing_2_.shp;G:\City_A&amp;XY_sim\level2\nanjing\nanjing_30_.shp;G:\City_A&amp;XY_sim\level2\nanjing\nanjing_31_.shp;G:\City_A&amp;XY_sim\level2\nanjing\nanjing_32_.shp;G:\City_A&amp;XY_sim\level2\nanjing\nanjing_33_.shp;G:\City_A&amp;XY_sim\level2\nanjing\nanjing_34_.shp;G:\City_A&amp;XY_sim\level2\nanjing\nanjing_35_.shp;G:\City_A&amp;XY_sim\level2\nanjing\nanjing_36_.shp;G:\City_A&amp;XY_sim\level2\nanjing\nanjing_37_.shp;G:\City_A&amp;XY_sim\level2\nanjing\nanjing_38_.shp;G:\City_A&amp;XY_sim\level2\nanjing\nanjing_39_.shp;G:\City_A&amp;XY_sim\level2\nanjing\nanjing_3_.shp;G:\City_A&amp;XY_sim\level2\nanjing\nanjing_40_.shp;G:\City_A&amp;XY_sim\level2\nanjing\nanjing_41_.shp;G:\City_A&amp;XY_sim\level2\nanjing\nanjing_42_.shp;G:\City_A&amp;XY_sim\level2\nanjing\nanjing_43_.shp;G:\City_A&amp;XY_sim\level2\nanjing\nanjing_44_.shp;G:\City_A&amp;XY_sim\level2\nanjing\nanjing_45_.shp;G:\City_A&amp;XY_sim\level2\nanjing\nanjing_46_.shp;G:\City_A&amp;XY_sim\level2\nanjing\nanjing_47_.shp;G:\City_A&amp;XY_sim\level2\nanjing\nanjing_48_.shp;G:\City_A&amp;XY_sim\level2\nanjing\nanjing_49_.shp;G:\City_A&amp;XY_sim\level2\nanjing\nanjing_4_.shp;G:\City_A&amp;XY_sim\level2\nanjing\nanjing_50_.shp;G:\City_A&amp;XY_sim\level2\nanjing\nanjing_51_.shp;G:\City_A&amp;XY_sim\level2\nanjing\nanjing_52_.shp;G:\City_A&amp;XY_sim\level2\nanjing\nanjing_53_.shp;G:\City_A&amp;XY_sim\level2\nanjing\nanjing_54_.shp;G:\City_A&amp;XY_sim\level2\nanjing\nanjing_55_.shp;G:\City_A&amp;XY_sim\level2\nanjing\nanjing_56_.shp;G:\City_A&amp;XY_sim\level2\nanjing\nanjing_57_.shp;G:\City_A&amp;XY_sim\level2\nanjing\nanjing_58_.shp;G:\City_A&amp;XY_sim\level2\nanjing\nanjing_59_.shp;G:\City_A&amp;XY_sim\level2\nanjing\nanjing_5_.shp;G:\City_A&amp;XY_sim\level2\nanjing\nanjing_60_.shp;G:\City_A&amp;XY_sim\level2\nanjing\nanjing_61_.shp;G:\City_A&amp;XY_sim\level2\nanjing\nanjing_62_.shp;G:\City_A&amp;XY_sim\level2\nanjing\nanjing_63_.shp;G:\City_A&amp;XY_sim\level2\nanjing\nanjing_64_.shp;G:\City_A&amp;XY_sim\level2\nanjing\nanjing_65_.shp;G:\City_A&amp;XY_sim\level2\nanjing\nanjing_66_.shp;G:\City_A&amp;XY_sim\level2\nanjing\nanjing_67_.shp;G:\City_A&amp;XY_sim\level2\nanjing\nanjing_68_.shp;G:\City_A&amp;XY_sim\level2\nanjing\nanjing_69_.shp;G:\City_A&amp;XY_sim\level2\nanjing\nanjing_6_.shp;G:\City_A&amp;XY_sim\level2\nanjing\nanjing_70_.shp;G:\City_A&amp;XY_sim\level2\nanjing\nanjing_71_.shp;G:\City_A&amp;XY_sim\level2\nanjing\nanjing_72_.shp;G:\City_A&amp;XY_sim\level2\nanjing\nanjing_73_.shp;G:\City_A&amp;XY_sim\level2\nanjing\nanjing_74_.shp;G:\City_A&amp;XY_sim\level2\nanjing\nanjing_75_.shp;G:\City_A&amp;XY_sim\level2\nanjing\nanjing_76_.shp;G:\City_A&amp;XY_sim\level2\nanjing\nanjing_77_.shp;G:\City_A&amp;XY_sim\level2\nanjing\nanjing_78_.shp;G:\City_A&amp;XY_sim\level2\nanjing\nanjing_79_.shp;G:\City_A&amp;XY_sim\level2\nanjing\nanjing_7_.shp;G:\City_A&amp;XY_sim\level2\nanjing\nanjing_80_.shp;G:\City_A&amp;XY_sim\level2\nanjing\nanjing_81_.shp;G:\City_A&amp;XY_sim\level2\nanjing\nanjing_82_.shp;G:\City_A&amp;XY_sim\level2\nanjing\nanjing_83_.shp;G:\City_A&amp;XY_sim\level2\nanjing\nanjing_84_.shp;G:\City_A&amp;XY_sim\level2\nanjing\nanjing_85_.shp;G:\City_A&amp;XY_sim\level2\nanjing\nanjing_86_.shp;G:\City_A&amp;XY_sim\level2\nanjing\nanjing_87_.shp;G:\City_A&amp;XY_sim\level2\nanjing\nanjing_88_.shp;G:\City_A&amp;XY_sim\level2\nanjing\nanjing_89_.shp;G:\City_A&amp;XY_sim\level2\nanjing\nanjing_8_.shp;G:\City_A&amp;XY_sim\level2\nanjing\nanjing_90_.shp;G:\City_A&amp;XY_sim\level2\nanjing\nanjing_91_.shp;G:\City_A&amp;XY_sim\level2\nanjing\nanjing_92_.shp;G:\City_A&amp;XY_sim\level2\nanjing\nanjing_93_.shp;G:\City_A&amp;XY_sim\level2\nanjing\nanjing_94_.shp;G:\City_A&amp;XY_sim\level2\nanjing\nanjing_95_.shp;G:\City_A&amp;XY_sim\level2\nanjing\nanjing_9_.shp G:\City_A&amp;XY_sim_merge\level2\nanjing\nanjing.shp "area "area" true true false 19 Double 15 18,First,#,G:\City_A&amp;XY_sim\level2\nanjing\nanjing_0_.shp,area,-1,-1,G:\City_A&amp;XY_sim\level2\nanjing\nanjing_10_.shp,area,-1,-1,G:\City_A&amp;XY_sim\level2\nanjing\nanjing_11_.shp,area,-1,-1,G:\City_A&amp;XY_sim\level2\nanjing\nanjing_12_.shp,area,-1,-1,G:\City_A&amp;XY_sim\level2\nanjing\nanjing_13_.shp,area,-1,-1,G:\City_A&amp;XY_sim\level2\nanjing\nanjing_14_.shp,area,-1,-1,G:\City_A&amp;XY_sim\level2\nanjing\nanjing_15_.shp,area,-1,-1,G:\City_A&amp;XY_sim\level2\nanjing\nanjing_16_.shp,area,-1,-1,G:\City_A&amp;XY_sim\level2\nanjing\nanjing_17_.shp,area,-1,-1,G:\City_A&amp;XY_sim\level2\nanjing\nanjing_18_.shp,area,-1,-1,G:\City_A&amp;XY_sim\level2\nanjing\nanjing_19_.shp,area,-1,-1,G:\City_A&amp;XY_sim\level2\nanjing\nanjing_1_.shp,area,-1,-1,G:\City_A&amp;XY_sim\level2\nanjing\nanjing_20_.shp,area,-1,-1,G:\City_A&amp;XY_sim\level2\nanjing\nanjing_21_.shp,area,-1,-1,G:\City_A&amp;XY_sim\level2\nanjing\nanjing_22_.shp,area,-1,-1,G:\City_A&amp;XY_sim\level2\nanjing\nanjing_23_.shp,area,-1,-1,G:\City_A&amp;XY_sim\level2\nanjing\nanjing_24_.shp,area,-1,-1,G:\City_A&amp;XY_sim\level2\nanjing\nanjing_25_.shp,area,-1,-1,G:\City_A&amp;XY_sim\level2\nanjing\nanjing_26_.shp,area,-1,-1,G:\City_A&amp;XY_sim\level2\nanjing\nanjing_27_.shp,area,-1,-1,G:\City_A&amp;XY_sim\level2\nanjing\nanjing_28_.shp,area,-1,-1,G:\City_A&amp;XY_sim\level2\nanjing\nanjing_29_.shp,area,-1,-1,G:\City_A&amp;XY_sim\level2\nanjing\nanjing_2_.shp,area,-1,-1,G:\City_A&amp;XY_sim\level2\nanjing\nanjing_30_.shp,area,-1,-1,G:\City_A&amp;XY_sim\level2\nanjing\nanjing_31_.shp,area,-1,-1,G:\City_A&amp;XY_sim\level2\nanjing\nanjing_32_.shp,area,-1,-1,G:\City_A&amp;XY_sim\level2\nanjing\nanjing_33_.shp,area,-1,-1,G:\City_A&amp;XY_sim\level2\nanjing\nanjing_34_.shp,area,-1,-1,G:\City_A&amp;XY_sim\level2\nanjing\nanjing_35_.shp,area,-1,-1,G:\City_A&amp;XY_sim\level2\nanjing\nanjing_36_.shp,area,-1,-1,G:\City_A&amp;XY_sim\level2\nanjing\nanjing_37_.shp,area,-1,-1,G:\City_A&amp;XY_sim\level2\nanjing\nanjing_38_.shp,area,-1,-1,G:\City_A&amp;XY_sim\level2\nanjing\nanjing_39_.shp,area,-1,-1,G:\City_A&amp;XY_sim\level2\nanjing\nanjing_3_.shp,area,-1,-1,G:\City_A&amp;XY_sim\level2\nanjing\nanjing_40_.shp,area,-1,-1,G:\City_A&amp;XY_sim\level2\nanjing\nanjing_41_.shp,area,-1,-1,G:\City_A&amp;XY_sim\level2\nanjing\nanjing_42_.shp,area,-1,-1,G:\City_A&amp;XY_sim\level2\nanjing\nanjing_43_.shp,area,-1,-1,G:\City_A&amp;XY_sim\level2\nanjing\nanjing_44_.shp,area,-1,-1,G:\City_A&amp;XY_sim\level2\nanjing\nanjing_45_.shp,area,-1,-1,G:\City_A&amp;XY_sim\level2\nanjing\nanjing_46_.shp,area,-1,-1,G:\City_A&amp;XY_sim\level2\nanjing\nanjing_47_.shp,area,-1,-1,G:\City_A&amp;XY_sim\level2\nanjing\nanjing_48_.shp,area,-1,-1,G:\City_A&amp;XY_sim\level2\nanjing\nanjing_49_.shp,area,-1,-1,G:\City_A&amp;XY_sim\level2\nanjing\nanjing_4_.shp,area,-1,-1,G:\City_A&amp;XY_sim\level2\nanjing\nanjing_50_.shp,area,-1,-1,G:\City_A&amp;XY_sim\level2\nanjing\nanjing_51_.shp,area,-1,-1,G:\City_A&amp;XY_sim\level2\nanjing\nanjing_52_.shp,area,-1,-1,G:\City_A&amp;XY_sim\level2\nanjing\nanjing_53_.shp,area,-1,-1,G:\City_A&amp;XY_sim\level2\nanjing\nanjing_54_.shp,area,-1,-1,G:\City_A&amp;XY_sim\level2\nanjing\nanjing_55_.shp,area,-1,-1,G:\City_A&amp;XY_sim\level2\nanjing\nanjing_56_.shp,area,-1,-1,G:\City_A&amp;XY_sim\level2\nanjing\nanjing_57_.shp,area,-1,-1,G:\City_A&amp;XY_sim\level2\nanjing\nanjing_58_.shp,area,-1,-1,G:\City_A&amp;XY_sim\level2\nanjing\nanjing_59_.shp,area,-1,-1,G:\City_A&amp;XY_sim\level2\nanjing\nanjing_5_.shp,area,-1,-1,G:\City_A&amp;XY_sim\level2\nanjing\nanjing_60_.shp,area,-1,-1,G:\City_A&amp;XY_sim\level2\nanjing\nanjing_61_.shp,area,-1,-1,G:\City_A&amp;XY_sim\level2\nanjing\nanjing_62_.shp,area,-1,-1,G:\City_A&amp;XY_sim\level2\nanjing\nanjing_63_.shp,area,-1,-1,G:\City_A&amp;XY_sim\level2\nanjing\nanjing_64_.shp,area,-1,-1,G:\City_A&amp;XY_sim\level2\nanjing\nanjing_65_.shp,area,-1,-1,G:\City_A&amp;XY_sim\level2\nanjing\nanjing_66_.shp,area,-1,-1,G:\City_A&amp;XY_sim\level2\nanjing\nanjing_67_.shp,area,-1,-1,G:\City_A&amp;XY_sim\level2\nanjing\nanjing_68_.shp,area,-1,-1,G:\City_A&amp;XY_sim\level2\nanjing\nanjing_69_.shp,area,-1,-1,G:\City_A&amp;XY_sim\level2\nanjing\nanjing_6_.shp,area,-1,-1,G:\City_A&amp;XY_sim\level2\nanjing\nanjing_70_.shp,area,-1,-1,G:\City_A&amp;XY_sim\level2\nanjing\nanjing_71_.shp,area,-1,-1,G:\City_A&amp;XY_sim\level2\nanjing\nanjing_72_.shp,area,-1,-1,G:\City_A&amp;XY_sim\level2\nanjing\nanjing_73_.shp,area,-1,-1,G:\City_A&amp;XY_sim\level2\nanjing\nanjing_74_.shp,area,-1,-1,G:\City_A&amp;XY_sim\level2\nanjing\nanjing_75_.shp,area,-1,-1,G:\City_A&amp;XY_sim\level2\nanjing\nanjing_76_.shp,area,-1,-1,G:\City_A&amp;XY_sim\level2\nanjing\nanjing_77_.shp,area,-1,-1,G:\City_A&amp;XY_sim\level2\nanjing\nanjing_78_.shp,area,-1,-1,G:\City_A&amp;XY_sim\level2\nanjing\nanjing_79_.shp,area,-1,-1,G:\City_A&amp;XY_sim\level2\nanjing\nanjing_7_.shp,area,-1,-1,G:\City_A&amp;XY_sim\level2\nanjing\nanjing_80_.shp,area,-1,-1,G:\City_A&amp;XY_sim\level2\nanjing\nanjing_81_.shp,area,-1,-1,G:\City_A&amp;XY_sim\level2\nanjing\nanjing_82_.shp,area,-1,-1,G:\City_A&amp;XY_sim\level2\nanjing\nanjing_83_.shp,area,-1,-1,G:\City_A&amp;XY_sim\level2\nanjing\nanjing_84_.shp,area,-1,-1,G:\City_A&amp;XY_sim\level2\nanjing\nanjing_85_.shp,area,-1,-1,G:\City_A&amp;XY_sim\level2\nanjing\nanjing_86_.shp,area,-1,-1,G:\City_A&amp;XY_sim\level2\nanjing\nanjing_87_.shp,area,-1,-1,G:\City_A&amp;XY_sim\level2\nanjing\nanjing_88_.shp,area,-1,-1,G:\City_A&amp;XY_sim\level2\nanjing\nanjing_89_.shp,area,-1,-1,G:\City_A&amp;XY_sim\level2\nanjing\nanjing_8_.shp,area,-1,-1,G:\City_A&amp;XY_sim\level2\nanjing\nanjing_90_.shp,area,-1,-1,G:\City_A&amp;XY_sim\level2\nanjing\nanjing_91_.shp,area,-1,-1,G:\City_A&amp;XY_sim\level2\nanjing\nanjing_92_.shp,area,-1,-1,G:\City_A&amp;XY_sim\level2\nanjing\nanjing_93_.shp,area,-1,-1,G:\City_A&amp;XY_sim\level2\nanjing\nanjing_94_.shp,area,-1,-1,G:\City_A&amp;XY_sim\level2\nanjing\nanjing_95_.shp,area,-1,-1,G:\City_A&amp;XY_sim\level2\nanjing\nanjing_9_.shp,area,-1,-1" NO_SOURCE_INFO</Process></lineage></DataProperties><SyncDate>20210807</SyncDate><SyncTime>09145900</SyncTime><ModDate>20210807</ModDate><ModTime>09145900</ModTime></Esri><dataIdInfo><envirDesc Sync="TRUE">Microsoft Windows 10 Version 10.0 (Build 18363) ; Esri ArcGIS 12.4.0.19948</envirDesc><dataLang><languageCode value="eng" Sync="TRUE"></languageCode><countryCode value="USA" Sync="TRUE"></countryCode></dataLang><idCitation><resTitle Sync="TRUE">nanjing</resTitle><presForm><PresFormCd value="005" Sync="TRUE"></PresFormCd></presForm></idCitation><spatRpType><SpatRepTypCd value="001" Sync="TRUE"></SpatRepTypCd></spatRpType></dataIdInfo><mdLang><languageCode value="eng" Sync="TRUE"></languageCode><countryCode value="USA" Sync="TRUE"></countryCode></mdLang><mdChar><CharSetCd value="004" Sync="TRUE"></CharSetCd></mdChar><distInfo><distFormat><formatName Sync="TRUE">Shapefile</formatName></distFormat><distTranOps><transSize Sync="TRUE">0.000</transSize></distTranOps></distInfo><mdHrLv><ScopeCd value="005" Sync="TRUE"></ScopeCd></mdHrLv><mdHrLvName Sync="TRUE">dataset</mdHrLvName><refSysInfo><RefSystem><refSysID><identCode code="3857" Sync="TRUE"></identCode><idCodeSpace Sync="TRUE">EPSG</idCodeSpace><idVersion Sync="TRUE">8.8(9.3.1.2)</idVersion></refSysID></RefSystem></refSysInfo><spatRepInfo><VectSpatRep><geometObjs Name="nanjing"><geoObjTyp><GeoObjTypCd value="002" Sync="TRUE"></GeoObjTypCd></geoObjTyp><geoObjCnt Sync="TRUE">0</geoObjCnt></geometObjs><topLvl><TopoLevCd value="001" Sync="TRUE"></TopoLevCd></topLvl></VectSpatRep></spatRepInfo><spdoinfo><ptvctinf><esriterm Name="nanjing"><efeatyp Sync="TRUE">Simple</efeatyp><efeageom code="4" Sync="TRUE"></efeageom><esritopo Sync="TRUE">FALSE</esritopo><efeacnt Sync="TRUE">0</efeacnt><spindex Sync="TRUE">FALSE</spindex><linrefer Sync="TRUE">FALSE</linrefer></esriterm></ptvctinf></spdoinfo><eainfo><detailed Name="nanjing"><enttyp><enttypl Sync="TRUE">nanjing</enttypl><enttypt Sync="TRUE">Feature Class</enttypt><enttypc Sync="TRUE">0</enttypc></enttyp><attr><attrlabl Sync="TRUE">FID</attrlabl><attalias Sync="TRUE">FID</attalias><attrtype Sync="TRUE">OID</attrtype><attwidth Sync="TRUE">4</attwidth><atprecis Sync="TRUE">0</atprecis><attscale Sync="TRUE">0</attscale><attrdef Sync="TRUE">Internal feature number.</attrdef><attrdefs Sync="TRUE">Esri</attrdefs><attrdomv><udom Sync="TRUE">Sequential unique whole numbers that are automatically generated.</udom></attrdomv></attr><attr><attrlabl Sync="TRUE">Shape</attrlabl><attalias Sync="TRUE">Shape</attalias><attrtype Sync="TRUE">Geometry</attrtype><attwidth Sync="TRUE">0</attwidth><atprecis Sync="TRUE">0</atprecis><attscale Sync="TRUE">0</attscale><attrdef Sync="TRUE">Feature geometry.</attrdef><attrdefs Sync="TRUE">Esri</attrdefs><attrdomv><udom Sync="TRUE">Coordinates defining the features.</udom></attrdomv></attr><attr><attrlabl Sync="TRUE">area</attrlabl><attalias Sync="TRUE">area</attalias><attrtype Sync="TRUE">Double</attrtype><attwidth Sync="TRUE">19</attwidth><atprecis Sync="TRUE">18</atprecis><attscale Sync="TRUE">15</attscale></attr></detailed></eainfo><mdDateSt Sync="TRUE">20210807</mdDateSt></metadata>
